{"district":[{"dtncode":501,"dtnname":"AKOLA"},{"dtncode":503,"dtnname":"AMRAVATI"},{"dtncode":515,"dtnname":"AURANGABAD"},{"dtncode":523,"dtnname":"BEED"},{"dtncode":500,"dtnname":"BULDANA"},{"dtncode":512,"dtnname":"HINGOLI"},{"dtncode":499,"dtnname":"JALGAON"},{"dtncode":514,"dtnname":"JALNA"},{"dtncode":524,"dtnname":"LATUR"},{"dtncode":511,"dtnname":"NANDED"},{"dtncode":525,"dtnname":"OSMANABAD"},{"dtncode":513,"dtnname":"PARBHANI"},{"dtncode":504,"dtnname":"WARDHA"},{"dtncode":502,"dtnname":"WASHIM"},{"dtncode":510,"dtnname":"YAVATMAL"}]}